<?xml version="1.0"?>
<!--
/**
 * Panacea_Slider extension
 *
 * NOTICE OF LICENSE
 *
 * This source file is subject to the MIT License
 * that is bundled with this package in the file LICENSE
 * It is also available through the world-wide-web at this URL:
 * http://opensource.org/licenses/mit-license.php
 *
 * @category  Panacea
 * @package   Panacea_Slider
 * @copyright 2016 Marius Strajeru
 * @license   http://opensource.org/licenses/mit-license.php MIT License
 * @author    Marius Strajeru
 */
-->
<config xmlns:xsi="http://www.w3.org/2001/XMLSchema-instance" xsi:noNamespaceSchemaLocation="urn:magento:framework:ObjectManager/etc/config.xsd">
    <preference for="Panacea\Slider\Api\AuthorRepositoryInterface" type="Panacea\Slider\Model\AuthorRepository" />
    <preference for="Panacea\Slider\Api\Data\AuthorInterface" type="Panacea\Slider\Model\Author" />
    <type name="Magento\Framework\View\Element\UiComponent\DataProvider\CollectionFactory">
        <arguments>
            <argument name="collections" xsi:type="array">
                <item name="panacea_slider_author_listing_data_source" xsi:type="string">Panacea\Slider\Model\ResourceModel\Author\Grid\Collection</item>
            </argument>
        </arguments>
    </type>
    <type name="Panacea\Slider\Model\ResourceModel\Author\Grid\Collection">
        <arguments>
            <argument name="mainTable" xsi:type="string">slider</argument>
            <argument name="eventPrefix" xsi:type="string">panacea_slider_author_grid_collection</argument>
            <argument name="eventObject" xsi:type="string">author_grid_collection</argument>
            <argument name="resourceModel" xsi:type="string">Panacea\Slider\Model\ResourceModel\Author</argument>
        </arguments>
    </type>
    <virtualType name="PanaceaSliderAuthorImageUploader" type="Panacea\Slider\Model\Uploader">
        <arguments>
            <argument name="baseTmpPath" xsi:type="const">Panacea\Slider\Model\Uploader::IMAGE_TMP_PATH</argument>
            <argument name="basePath" xsi:type="const">Panacea\Slider\Model\Uploader::IMAGE_PATH</argument>
            <argument name="allowedExtensions" xsi:type="array">
                <item name="jpg" xsi:type="string">jpg</item>
                <item name="jpeg" xsi:type="string">jpeg</item>
                <item name="gif" xsi:type="string">gif</item>
                <item name="png" xsi:type="string">png</item>
                <item name="svg" xsi:type="string">svg</item>
            </argument>
        </arguments>
    </virtualType>
    <type name="Panacea\Slider\Controller\Adminhtml\Author\Image\Upload">
        <arguments>
            <argument name="uploader" xsi:type="object">PanaceaSliderAuthorImageUploader</argument>
        </arguments>
    </type>
    <virtualType name="PanaceaSliderAuthorFileUploader" type="Panacea\Slider\Model\Uploader">
        <arguments>
            <argument name="baseTmpPath" xsi:type="const">Panacea\Slider\Model\Uploader::FILE_TMP_PATH</argument>
            <argument name="basePath" xsi:type="const">Panacea\Slider\Model\Uploader::FILE_PATH</argument>
            <argument name="allowedExtensions" xsi:type="array" />
        </arguments>
    </virtualType>
    <type name="Panacea\Slider\Controller\Adminhtml\Author\File\Upload">
        <arguments>
            <argument name="uploader" xsi:type="object">PanaceaSliderAuthorFileUploader</argument>
        </arguments>
    </type>
    <type name="Panacea\Slider\Model\UploaderPool">
        <arguments>
            <argument name="uploaders" xsi:type="array">
                <item name="image" xsi:type="string">PanaceaSliderAuthorImageUploader</item>
                <item name="file" xsi:type="string">PanaceaSliderAuthorFileUploader</item>
            </argument>
        </arguments>
    </type>
    <type name="Panacea\Slider\Controller\Adminhtml\Author\Save">
        <arguments>
            <argument name="uploaderPool" xsi:type="object">Panacea\Slider\Model\UploaderPool</argument>
        </arguments>
    </type>
    <type name="Panacea\Slider\Model\Author">
        <arguments>
            <argument name="uploaderPool" xsi:type="object">Panacea\Slider\Model\UploaderPool</argument>
            <argument name="optionProviders" xsi:type="array">
                <item name="awards" xsi:type="object">PanaceaSliderModelAuthorSourceAward</item>
                <item name="type" xsi:type="object">PanaceaSliderModelAuthorSourceType</item>
                <item name="country" xsi:type="object">Panacea\Slider\Model\Source\Country</item>
            </argument>
        </arguments>
    </type>
    <type name="Panacea\Slider\Ui\Component\Listing\Column\Avatar">
        <arguments>
            <argument name="imageModel" xsi:type="object">PanaceaSliderAuthorImageUploader</argument>
        </arguments>
    </type>
    <type name="Panacea\Slider\Model\Output">
        <arguments>
            <argument name="templateProcessor" xsi:type="object">Magento\Widget\Model\Template\Filter</argument>
        </arguments>
    </type>
    <virtualType name="PanaceaSliderModelAuthorSourceAward" type="Panacea\Slider\Model\Source\Options">
        <arguments>
            <argument name="options" xsi:type="array">
                <item name="1" xsi:type="array">
                    <item name="value" xsi:type="number">1</item>
                    <item name="label" xsi:type="string" translate="true">Award 1</item>
                </item>
                <item name="2" xsi:type="array">
                    <item name="value" xsi:type="number">2</item>
                    <item name="label" xsi:type="string" translate="true">Award 2</item>
                </item>
                <item name="3" xsi:type="array">
                    <item name="value" xsi:type="number">3</item>
                    <item name="label" xsi:type="string" translate="true">Award 3</item>
                </item>
            </argument>
        </arguments>
    </virtualType>
    <virtualType name="PanaceaSliderModelAuthorSourceType" type="Panacea\Slider\Model\Source\Options">
        <arguments>
            <argument name="options" xsi:type="array">
                <item name="1" xsi:type="array">
                    <item name="value" xsi:type="number">1</item>
                    <item name="label" xsi:type="string" translate="true">Award 1</item>
                </item>
                <item name="2" xsi:type="array">
                    <item name="value" xsi:type="number">2</item>
                    <item name="label" xsi:type="string" translate="true">Award 2</item>
                </item>
                <item name="3" xsi:type="array">
                    <item name="value" xsi:type="number">3</item>
                    <item name="label" xsi:type="string" translate="true">Award 3</item>
                </item>
            </argument>
        </arguments>
    </virtualType>

    <virtualType name="PanaceaSliderModelAuthorSourceIsActive" type="Panacea\Slider\Model\Source\Options">
        <arguments>
            <argument name="options" xsi:type="array">
                <item name="1" xsi:type="array">
                    <item name="value" xsi:type="const">Panacea\Slider\Model\Author::STATUS_ENABLED</item>
                    <item name="label" xsi:type="string" translate="true">Yes</item>
                </item>
                <item name="2" xsi:type="array">
                    <item name="value" xsi:type="const">Panacea\Slider\Model\Author::STATUS_DISABLED</item>
                    <item name="label" xsi:type="string" translate="true">No</item>
                </item>
            </argument>
        </arguments>
    </virtualType>
    <type name="Magento\Framework\App\Rss\RssManagerInterface">
        <arguments>
            <argument name="dataProviders" xsi:type="array">
                <item name="authors" xsi:type="string">Panacea\Slider\Block\Author\ListAuthor\Rss</item>
            </argument>
        </arguments>
    </type>
    <type name="Panacea\Slider\Model\Image">
        <arguments>
            <argument name="uploader" xsi:type="object">PanaceaSliderAuthorImageUploader</argument>
        </arguments>
    </type>
    <virtualType name="PanaceaSliderBlockAuthorImageBuilder" type="Panacea\Slider\Block\ImageBuilder">
        <arguments>
            <argument name="entityCode" xsi:type="string">author</argument>
        </arguments>
    </virtualType>
    <type name="Panacea\Slider\Block\Author\ViewAuthor">
        <arguments>
            <argument name="imageBuilder" xsi:type="object">PanaceaSliderBlockAuthorImageBuilder</argument>
        </arguments>
    </type>
</config>
