<?xml version="1.0"?>
<!--
/**
 * Panacea_Slider extension
 *
 * NOTICE OF LICENSE
 *
 * This source file is subject to the MIT License
 * that is bundled with this package in the file LICENSE
 * It is also available through the world-wide-web at this URL:
 * http://opensource.org/licenses/mit-license.php
 *
 * @category  Panacea
 * @package   Panacea_Slider
 * @copyright 2016 Marius Strajeru
 * @license   http://opensource.org/licenses/mit-license.php MIT License
 * @author    Marius Strajeru
 */
-->
<config xmlns:xsi="http://www.w3.org/2001/XMLSchema-instance" xsi:noNamespaceSchemaLocation="urn:magento:framework:Module/etc/module.xsd">
    <module name="Panacea_Slider" setup_version="2.0.0">
        <sequence>
            <module name="Magento_Backend"/>
            <module name="Magento_Ui" />
            <module name="Magento_Store" />
            <module name="Magento_Theme" />
            <module name="Magento_Customer" />
            <module name="Magento_Rss" />
        </sequence>
    </module>
</config>
