<?xml version="1.0"?>
<!--
/**
* @author Dhirajkumar Deore
* Copyright © 2018 Magento. All rights reserved.
* See COPYING.txt for license details.
*/
-->
<config xmlns:xsi="http://www.w3.org/2001/XMLSchema-instance" xsi:noNamespaceSchemaLocation="urn:magento:framework:ObjectManager/etc/config.xsd">



    <type name="Magento\Framework\View\Element\UiComponent\DataProvider\CollectionFactory">
        <arguments>
            <argument name="collections" xsi:type="array">
                <item name="suit_custom_listing_data_source" xsi:type="string">Suit\Custom\Model\ResourceModel\Custom\Grid\Collection</item>
            </argument>
        </arguments>
    </type>

    <type name="Suit\Custom\Model\ResourceModel\Custom\Grid\Collection">
        <arguments>
            <argument name="mainTable" xsi:type="string">suit_custom</argument>
            <argument name="ecustomPrefix" xsi:type="string">suit_custom_grid_collection</argument>
            <argument name="ecustomObject" xsi:type="string">suit_custom_grid_collection</argument>
            <argument name="resourceModel" xsi:type="string">Suit\Custom\Model\ResourceModel\Custom</argument>
        </arguments>
    </type>


 <type name="Suit\Custom\Controller\Adminhtml\Custom\Image\Upload">
    <arguments>
        <argument name="imageUploader" xsi:type="object">CustomImageUpload</argument>
    </arguments>
    </type>


    <virtualType name="CustomImageUpload" type="Suit\Custom\Model\ImageUploader">
    <arguments>
        <argument name="baseTmpPath" xsi:type="string">suit_custom</argument>
        <argument name="basePath" xsi:type="string">suit_custom</argument>
        <argument name="allowedExtensions" xsi:type="array">
            <item name="jpg" xsi:type="string">jpg</item>
            <item name="jpeg" xsi:type="string">jpeg</item>
            <item name="gif" xsi:type="string">gif</item>
            <item name="png" xsi:type="string">png</item>
        </argument>
    </arguments>
</virtualType>



    <virtualType name="CustomGridFilterPool" type="Magento\Framework\View\Element\UiComponent\DataProvider\FilterPool">
        <arguments>
            <argument name="appliers" xsi:type="array">
                <item name="regular" xsi:type="object">Magento\Framework\View\Element\UiComponent\DataProvider\RegularFilter</item>
                <item name="fulltext" xsi:type="object">Magento\Framework\View\Element\UiComponent\DataProvider\FulltextFilter</item>
            </argument>
        </arguments>
    </virtualType>

    <virtualType name="CustomGridDataProvider" type="Magento\Framework\View\Element\UiComponent\DataProvider\DataProvider">
        <arguments>
            <argument name="collection" xsi:type="object" shared="false">Suit\Custom\Model\ResourceModel\Custom\Collection</argument>
            <argument name="filterPool" xsi:type="object" shared="false">CustomGridFilterPool</argument>
        </arguments>
    </virtualType>


</config>
