<?xml version="1.0"?>

<config xmlns:xsi="http://www.w3.org/2001/XMLSchema-instance" xsi:noNamespaceSchemaLocation="urn:magento:framework:Module/etc/module.xsd">
    <module name="Panacea_Custom" setup_version="2.0.0">
        <sequence>
            <module name="Magento_Backend"/>
            <module name="Magento_Ui" />
            <module name="Magento_Store" />
            <module name="Magento_Theme" />
            <module name="Magento_Customer" />
            <module name="Magento_Rss" />
        </sequence>
    </module>
</config>
