<?xml version="1.0"?>
<!--
/**
 * Panacea_Slider extension
 *
 * NOTICE OF LICENSE
 *
 * This source file is subject to the MIT License
 * that is bundled with this package in the file LICENSE
 * It is also available through the world-wide-web at this URL:
 * http://opensource.org/licenses/mit-license.php
 *
 * @category  Panacea
 * @package   Panacea_Slider
 * @copyright 2016 Marius Strajeru
 * @license   http://opensource.org/licenses/mit-license.php MIT License
 * @author    Marius Strajeru
 */
-->
<config xmlns:xsi="http://www.w3.org/2001/XMLSchema-instance" xsi:noNamespaceSchemaLocation="urn:magento:framework:ObjectManager/etc/config.xsd">
    <virtualType name="PanaceaSliderUiDataProviderAuthorFormModifierPool" type="Magento\Ui\DataProvider\Modifier\Pool">
        <arguments>
            <argument name="modifiers" xsi:type="array">
                <item name="author_data" xsi:type="array">
                    <item name="class" xsi:type="string">Panacea\Slider\Ui\DataProvider\Author\Form\Modifier\AuthorData</item>
                    <item name="sortOrder" xsi:type="number">10</item>
                </item>
            </argument>
        </arguments>
    </virtualType>
    <type name="Panacea\Slider\Model\Author\DataProvider">
        <arguments>
            <argument name="pool" xsi:type="object">PanaceaSliderUiDataProviderAuthorFormModifierPool</argument>
        </arguments>
    </type>
    <type name="Panacea\Slider\Controller\Adminhtml\Author\MassDelete">
        <arguments>
            <argument name="successMessage" xsi:type="string" translate="true">A total of %1 record(s) have been deleted.</argument>
            <argument name="errorMessage" xsi:type="string" translate="true">An error occurred while deleting record(s).</argument>
        </arguments>
    </type>
    <type name="Panacea\Slider\Controller\Adminhtml\Author\MassDisable">
        <arguments>
            <argument name="successMessage" xsi:type="string" translate="true">A total of %1 slider(s) have been disabled.</argument>
            <argument name="errorMessage" xsi:type="string" translate="true">An error occurred while disabling slider(s).</argument>
        </arguments>
    </type>
    <type name="Panacea\Slider\Controller\Adminhtml\Author\MassEnable">
        <arguments>
            <argument name="successMessage" xsi:type="string" translate="true">A total of %1 slider(s) have been enabled.</argument>
            <argument name="errorMessage" xsi:type="string" translate="true">An error occurred while enabling slider(s).</argument>
        </arguments>
    </type>
</config>
