<?xml version="1.0"?>
<!--
/**
 * Panacea_Slider extension
 *
 * NOTICE OF LICENSE
 *
 * This source file is subject to the MIT License
 * that is bundled with this package in the file LICENSE
 * It is also available through the world-wide-web at this URL:
 * http://opensource.org/licenses/mit-license.php
 *
 * @category  Panacea
 * @package   Panacea_Slider
 * @copyright 2016 Marius Strajeru
 * @license   http://opensource.org/licenses/mit-license.php MIT License
 * @author    Marius Strajeru
 */
-->
<config xmlns:xsi="http://www.w3.org/2001/XMLSchema-instance" xsi:noNamespaceSchemaLocation="urn:magento:module:Magento_Config:etc/system_file.xsd">
    <system>
        <tab id="panacea_slider" sortOrder="2000">
            <label>Slider</label>
        </tab>
        <section id="panacea_slider" type="text" sortOrder="10" showInDefault="1" showInWebsite="1" showInStore="1">
            <label>Slider</label>
            <tab>panacea_slider</tab>
            <resource>Panacea_Slider::slider</resource>
            <group id="author" type="text" sortOrder="10" showInDefault="1" showInWebsite="1" showInStore="1">
                <label>Authors</label>
                <field id="breadcrumbs" type="select" sortOrder="10" showInDefault="1" showInWebsite="1" showInStore="1" canRestore="1">
                    <label>Enable Breadcrumbs</label>
                    <source_model>Magento\Config\Model\Config\Source\Yesno</source_model>
                </field>
                <field id="meta_title" type="text" sortOrder="20" showInDefault="1" showInWebsite="1" showInStore="1" canRestore="1">
                    <label>Author list meta title</label>
                </field>
                <field id="meta_description" type="textarea" sortOrder="30" showInDefault="1" showInWebsite="1" showInStore="1" canRestore="1">
                    <label>Author list meta description</label>
                </field>
                <field id="meta_keywords" type="textarea" sortOrder="40" showInDefault="1" showInWebsite="1" showInStore="1" canRestore="1">
                    <label>Author list meta keywords</label>
                </field>
                <field id="list_url" type="text" sortOrder="50" showInDefault="1" showInWebsite="1" showInStore="1" canRestore="1">
                    <label>Author list url</label>
                </field>
                <field id="url_prefix" type="text" sortOrder="60" showInDefault="1" showInWebsite="1" showInStore="1" canRestore="1">
                    <label>Author url prefix</label>
                </field>
                <field id="url_suffix" type="text" sortOrder="70" showInDefault="1" showInWebsite="1" showInStore="1" canRestore="1">
                    <label>Author url suffix</label>
                </field>
                <field id="rss" type="select" sortOrder="80" showInDefault="1" showInWebsite="1" showInStore="1" canRestore="1">
                    <label>Enable RSS</label>
                    <source_model>Magento\Config\Model\Config\Source\Yesno</source_model>
                </field>
                <field id="rss_cache" type="text" sortOrder="90" showInDefault="1" showInWebsite="1" showInStore="1" canRestore="1">
                    <label>RSS Cache Lifetime</label>
                    <comment>in seconds</comment>
                </field>
            </group>
        </section>
    </system>
</config>
