<?xml version="1.0"?>
<!--
/**
* @author Dhirajkumar Deore
* Copyright © 2018 Magento. All rights reserved.
* See COPYING.txt for license details.
*/
-->
<config xmlns:xsi="http://www.w3.org/2001/XMLSchema-instance" xsi:noNamespaceSchemaLocation="urn:magento:framework:ObjectManager/etc/config.xsd">



    <type name="Magento\Framework\View\Element\UiComponent\DataProvider\CollectionFactory">
        <arguments>
            <argument name="collections" xsi:type="array">
                <item name="jeans_fit_listing_data_source" xsi:type="string">Jeans\Fit\Model\ResourceModel\Fit\Grid\Collection</item>
            </argument>
        </arguments>
    </type>

    <type name="Jeans\Fit\Model\ResourceModel\Fit\Grid\Collection">
        <arguments>
            <argument name="mainTable" xsi:type="string">jeans_fit</argument>
            <argument name="efitPrefix" xsi:type="string">jeans_fit_grid_collection</argument>
            <argument name="efitObject" xsi:type="string">jeans_fit_grid_collection</argument>
            <argument name="resourceModel" xsi:type="string">Jeans\Fit\Model\ResourceModel\Fit</argument>
        </arguments>
    </type>


 <type name="Jeans\Fit\Controller\Adminhtml\Fit\Image\Upload">
    <arguments>
        <argument name="imageUploader" xsi:type="object">FitImageUpload</argument>
    </arguments>
    </type>


    <virtualType name="FitImageUpload" type="Jeans\Fit\Model\ImageUploader">
    <arguments>
        <argument name="baseTmpPath" xsi:type="string">jeans_fit</argument>
        <argument name="basePath" xsi:type="string">jeans_fit</argument>
        <argument name="allowedExtensions" xsi:type="array">
            <item name="jpg" xsi:type="string">jpg</item>
            <item name="jpeg" xsi:type="string">jpeg</item>
            <item name="gif" xsi:type="string">gif</item>
            <item name="png" xsi:type="string">png</item>
            <item name="mtl" xsi:type="string">mtl</item>
            <item name="obj" xsi:type="string">obj</item>
        </argument>
    </arguments>
</virtualType>



    <virtualType name="FitGridFilterPool" type="Magento\Framework\View\Element\UiComponent\DataProvider\FilterPool">
        <arguments>
            <argument name="appliers" xsi:type="array">
                <item name="regular" xsi:type="object">Magento\Framework\View\Element\UiComponent\DataProvider\RegularFilter</item>
                <item name="fulltext" xsi:type="object">Magento\Framework\View\Element\UiComponent\DataProvider\FulltextFilter</item>
            </argument>
        </arguments>
    </virtualType>

    <virtualType name="FitGridDataProvider" type="Magento\Framework\View\Element\UiComponent\DataProvider\DataProvider">
        <arguments>
            <argument name="collection" xsi:type="object" shared="false">Jeans\Fit\Model\ResourceModel\Fit\Collection</argument>
            <argument name="filterPool" xsi:type="object" shared="false">FitGridFilterPool</argument>
        </arguments>
    </virtualType>


</config>
