<?xml version="1.0"?>
<!--
/**
* @author Dhirajkumar Deore    
* Copyright © 2018 Magento. All rights reserved.
* See COPYING.txt for license details.
*/
-->
<config xmlns:xsi="http://www.w3.org/2001/XMLSchema-instance" xsi:noNamespaceSchemaLocation="urn:magento:framework:ObjectManager/etc/config.xsd">



    <type name="Magento\Framework\View\Element\UiComponent\DataProvider\CollectionFactory">
        <arguments>
            <argument name="collections" xsi:type="array">
                <item name="suit_lapel_listing_data_source" xsi:type="string">Suit\Lapel\Model\ResourceModel\Lapel\Grid\Collection</item>                
            </argument>
        </arguments>
    </type>

    <type name="Suit\Lapel\Model\ResourceModel\Lapel\Grid\Collection">
        <arguments>
            <argument name="mainTable" xsi:type="string">suit_lapel</argument>
            <argument name="elapelPrefix" xsi:type="string">suit_lapel_grid_collection</argument>
            <argument name="elapelObject" xsi:type="string">suit_lapel_grid_collection</argument>
            <argument name="resourceModel" xsi:type="string">Suit\Lapel\Model\ResourceModel\Lapel</argument>
        </arguments>
    </type>


 <type name="Suit\Lapel\Controller\Adminhtml\Lapel\Image\Upload">
    <arguments>
        <argument name="imageUploader" xsi:type="object">LapelImageUpload</argument>
    </arguments>
    </type>


    <virtualType name="LapelImageUpload" type="Suit\Lapel\Model\ImageUploader">
    <arguments>
        <argument name="baseTmpPath" xsi:type="string">suit_lapel</argument>
        <argument name="basePath" xsi:type="string">suit_lapel</argument>
        <argument name="allowedExtensions" xsi:type="array">
            <item name="jpg" xsi:type="string">jpg</item>
            <item name="jpeg" xsi:type="string">jpeg</item>
            <item name="gif" xsi:type="string">gif</item>
            <item name="png" xsi:type="string">png</item>
        </argument>
    </arguments>
</virtualType>  


    
    <virtualType name="LapelGridFilterPool" type="Magento\Framework\View\Element\UiComponent\DataProvider\FilterPool">
        <arguments>
            <argument name="appliers" xsi:type="array">
                <item name="regular" xsi:type="object">Magento\Framework\View\Element\UiComponent\DataProvider\RegularFilter</item>
                <item name="fulltext" xsi:type="object">Magento\Framework\View\Element\UiComponent\DataProvider\FulltextFilter</item>
            </argument>
        </arguments>
    </virtualType>
    
    <virtualType name="LapelGridDataProvider" type="Magento\Framework\View\Element\UiComponent\DataProvider\DataProvider">
        <arguments>
            <argument name="collection" xsi:type="object" shared="false">Suit\Lapel\Model\ResourceModel\Lapel\Collection</argument>
            <argument name="filterPool" xsi:type="object" shared="false">LapelGridFilterPool</argument>
        </arguments>
    </virtualType>

    
</config>
