<?xml version="1.0"?>
<!--
/**
* @author Dhirajkumar Deore
* Copyright © 2018 Magento. All rights reserved.
* See COPYING.txt for license details.
*/
-->
<config xmlns:xsi="http://www.w3.org/2001/XMLSchema-instance" xsi:noNamespaceSchemaLocation="urn:magento:framework:ObjectManager/etc/config.xsd">



    <type name="Magento\Framework\View\Element\UiComponent\DataProvider\CollectionFactory">
        <arguments>
            <argument name="collections" xsi:type="array">
                <item name="suit_sample_listing_data_source" xsi:type="string">Suit\Sample\Model\ResourceModel\Sample\Grid\Collection</item>
            </argument>
        </arguments>
    </type>

    <type name="Suit\Sample\Model\ResourceModel\Sample\Grid\Collection">
        <arguments>
            <argument name="mainTable" xsi:type="string">suit_sample</argument>
            <argument name="esamplePrefix" xsi:type="string">suit_sample_grid_collection</argument>
            <argument name="esampleObject" xsi:type="string">suit_sample_grid_collection</argument>
            <argument name="resourceModel" xsi:type="string">Suit\Sample\Model\ResourceModel\Sample</argument>
        </arguments>
    </type>


 <type name="Suit\Sample\Controller\Adminhtml\Sample\Image\Upload">
    <arguments>
        <argument name="imageUploader" xsi:type="object">SampleImageUpload</argument>
    </arguments>
    </type>


    <virtualType name="SampleImageUpload" type="Suit\Sample\Model\ImageUploader">
    <arguments>
        <argument name="baseTmpPath" xsi:type="string">suit_sample</argument>
        <argument name="basePath" xsi:type="string">suit_sample</argument>
        <argument name="allowedExtensions" xsi:type="array">
            <item name="jpg" xsi:type="string">jpg</item>
            <item name="jpeg" xsi:type="string">jpeg</item>
            <item name="gif" xsi:type="string">gif</item>
            <item name="png" xsi:type="string">png</item>
        </argument>
    </arguments>
</virtualType>



    <virtualType name="SampleGridFilterPool" type="Magento\Framework\View\Element\UiComponent\DataProvider\FilterPool">
        <arguments>
            <argument name="appliers" xsi:type="array">
                <item name="regular" xsi:type="object">Magento\Framework\View\Element\UiComponent\DataProvider\RegularFilter</item>
                <item name="fulltext" xsi:type="object">Magento\Framework\View\Element\UiComponent\DataProvider\FulltextFilter</item>
            </argument>
        </arguments>
    </virtualType>

    <virtualType name="SampleGridDataProvider" type="Magento\Framework\View\Element\UiComponent\DataProvider\DataProvider">
        <arguments>
            <argument name="collection" xsi:type="object" shared="false">Suit\Sample\Model\ResourceModel\Sample\Collection</argument>
            <argument name="filterPool" xsi:type="object" shared="false">SampleGridFilterPool</argument>
        </arguments>
    </virtualType>


</config>
